{"center":[0,0,0],"zmin":0.01,"zmax":50000000000,"camera":[180.3456387103916,37.58494896990505,431.96174935573515],"cameraRotation":[-0.08679131692025151,0.3941651713971781,-2.4167174424343543],"cameraUp":[0.6121983068295512,-0.7678367021596308,-0.18878567724187126],"quaternion":[-0.3394209813267485,0.1979997288336984,-0.029581182453973405,0.9190834882977682],"startFly":false,"startVR":false,"startColumnDensity":false,"startTween":false,"friction":0.1,"stereo":false,"stereoSep":0.06,"decimate":"1.0","maxVrange":2000,"minPointScale":0.01,"maxPointScale":10,"showFPS":true,"showMemoryUsage":true,"memoryLimit":2000000000,"UI":true,"UIfullscreen":true,"UIsnapshot":true,"UIreset":true,"UIsavePreset":true,"UIloadNewData":true,"UIcameraControls":true,"UIdecimation":true,"UIparticle":{"Full":true,"Uncertain":true,"Ellipticals":true,"Disks":true},"UIdropdown":{"Full":true,"Uncertain":true,"Ellipticals":true,"Disks":true},"UIcolorPicker":{"Full":false,"Uncertain":true,"Ellipticals":true,"Disks":true},"showParts":{"Full":false,"Uncertain":true,"Ellipticals":true,"Disks":true},"sizeMult":{"Full":0.1,"Uncertain":0.5,"Ellipticals":0.5,"Disks":0.5},"color":{"Full":[1,1,1,1],"Uncertain":[0.8666666667,0.8,0.4666666667,1],"Ellipticals":[0.8,0.4,0.4666666667,1],"Disks":[0.2666666667,0.4666666667,0.6666666667,1]},"plotNmax":{"Full":670722,"Uncertain":106795,"Ellipticals":252715,"Disks":311212},"showVel":{"Full":false,"Uncertain":false,"Ellipticals":false,"Disks":false},"velType":{},"velVectorWidth":{"Full":1,"Uncertain":1,"Ellipticals":1,"Disks":1},"velGradient":{"Full":0,"Uncertain":0,"Ellipticals":0,"Disks":0},"animateVel":{"Full":false,"Uncertain":false,"Ellipticals":false,"Disks":false},"animateVelDt":{},"animateVelTmax":{},"filterLims":{"Full":{"redshift":[0.004007000174373388,0.8446430096626282],"mag_r":[-28.872999740600587,-13.153999732971192],"mag_g":[-28.185999465942384,-12.729999946594239],"mag_i":[-29.064327789306642,57.92200143432617],"pcsd":[-888.001,1.001],"peld":[-888.001,1.001]},"Uncertain":{"redshift":[0.004007000174373388,0.8446430096626282],"mag_r":[-28.330000473022462,-13.153999732971192],"mag_g":[-28.185999465942384,-12.729999946594239],"mag_i":[-28.617327285766603,57.92200143432617],"pcsd":[-888.001,0.5000000128746033],"peld":[-888.001,0.5000000128746033]},"Ellipticals":{"redshift":[0.009033999569714068,0.8228770027160645],"mag_r":[-26.29699952697754,-15.198999809265137],"mag_g":[-26.306999755859376,-14.519999908447266],"mag_i":[-26.311327529907228,-15.606999801635743],"pcsd":[-0.001,0.5000000128746033],"peld":[0.499,1.001]},"Disks":{"redshift":[0.009015999898314475,0.8310009965896606],"mag_r":[-28.872999740600587,-15.452000068664551],"mag_g":[-27.64099938964844,-15.007000373840333],"mag_i":[-29.064327789306642,-15.63232748413086],"pcsd":[0.499,1.001],"peld":[-0.001,0.501]}},"filterVals":{"Full":{"redshift":[0.004007000174373388,0.8446430096626282],"mag_r":[-28.872999740600587,-13.153999732971192],"mag_g":[-28.185999465942384,-12.729999946594239],"mag_i":[-29.064327789306642,57.92200143432617],"pcsd":[-888.001,1.001],"peld":[-888.001,1.001]},"Uncertain":{"redshift":[0.004007000174373388,0.8446430096626282],"mag_r":[-28.330000473022462,-13.153999732971192],"mag_g":[-28.185999465942384,-12.729999946594239],"mag_i":[-28.617327285766603,57.92200143432617],"pcsd":[-888.001,0.5000000128746033],"peld":[-888.001,0.5000000128746033]},"Ellipticals":{"redshift":[0.009033999569714068,0.8228770027160645],"mag_r":[-26.29699952697754,-15.198999809265137],"mag_g":[-26.306999755859376,-14.519999908447266],"mag_i":[-26.311327529907228,-15.606999801635743],"pcsd":[-0.001,0.5000000128746033],"peld":[0.499,1.001]},"Disks":{"redshift":[0.009015999898314475,0.8310009965896606],"mag_r":[-28.872999740600587,-15.452000068664551],"mag_g":[-27.64099938964844,-15.007000373840333],"mag_i":[-29.064327789306642,-15.63232748413086],"pcsd":[0.499,1.001],"peld":[-0.001,0.501]}},"invertFilter":{"Full":{"redshift":false,"mag_r":false,"mag_g":false,"mag_i":false,"pcsd":false,"peld":false},"Uncertain":{"redshift":false,"mag_r":false,"mag_g":false,"mag_i":false,"pcsd":false,"peld":false},"Ellipticals":{"redshift":false,"mag_r":false,"mag_g":false,"mag_i":false,"pcsd":false,"peld":false},"Disks":{"redshift":false,"mag_r":false,"mag_g":false,"mag_i":false,"pcsd":false,"peld":false}},"colormapLims":{"Full":{"redshift":[0.004007000174373388,0.8446430096626282],"mag_r":[-28.872999740600587,-13.153999732971192],"mag_g":[-28.185999465942384,-12.729999946594239],"mag_i":[-29.064327789306642,57.92200143432617],"pcsd":[-888.001,1.001],"peld":[-888.001,1.001]},"Uncertain":{"redshift":[0.004007000174373388,0.8446430096626282],"mag_r":[-28.330000473022462,-13.153999732971192],"mag_g":[-28.185999465942384,-12.729999946594239],"mag_i":[-28.617327285766603,57.92200143432617],"pcsd":[-888.001,0.5000000128746033],"peld":[-888.001,0.5000000128746033]},"Ellipticals":{"redshift":[0.009033999569714068,0.8228770027160645],"mag_r":[-26.29699952697754,-15.198999809265137],"mag_g":[-26.306999755859376,-14.519999908447266],"mag_i":[-26.311327529907228,-15.606999801635743],"pcsd":[-0.001,0.5000000128746033],"peld":[0.499,1.001]},"Disks":{"redshift":[0.009015999898314475,0.8310009965896606],"mag_r":[-28.872999740600587,-15.452000068664551],"mag_g":[-27.64099938964844,-15.007000373840333],"mag_i":[-29.064327789306642,-15.63232748413086],"pcsd":[0.499,1.001],"peld":[-0.001,0.501]}},"colormapVals":{"Full":{"redshift":[0.004007000174373388,0.8446430096626282],"mag_r":[-28.872999740600587,-13.153999732971192],"mag_g":[-28.185999465942384,-12.729999946594239],"mag_i":[-29.064327789306642,57.92200143432617],"pcsd":[-888.001,1.001],"peld":[-888.001,1.001]},"Uncertain":{"redshift":[0.004007000174373388,0.8446430096626282],"mag_r":[-28.330000473022462,-13.153999732971192],"mag_g":[-28.185999465942384,-12.729999946594239],"mag_i":[-28.617327285766603,57.92200143432617],"pcsd":[-888.001,0.5000000128746033],"peld":[-888.001,0.5000000128746033]},"Ellipticals":{"redshift":[0.009033999569714068,0.8228770027160645],"mag_r":[-26.29699952697754,-15.198999809265137],"mag_g":[-26.306999755859376,-14.519999908447266],"mag_i":[-26.311327529907228,-15.606999801635743],"pcsd":[-0.001,0.5000000128746033],"peld":[0.499,1.001]},"Disks":{"redshift":[0.009015999898314475,0.8310009965896606],"mag_r":[-28.872999740600587,-15.452000068664551],"mag_g":[-27.64099938964844,-15.007000373840333],"mag_i":[-29.064327789306642,-15.63232748413086],"pcsd":[0.499,1.001],"peld":[-0.001,0.501]}},"showColormap":{"Full":false,"Uncertain":false,"Ellipticals":false,"Disks":false},"colormap":{"Full":0.015625,"Uncertain":0.015625,"Ellipticals":0.015625,"Disks":0.015625},"colormapVariable":{"Full":0,"Uncertain":0,"Ellipticals":0,"Disks":0},"radiusVariable":{"Full":0,"Uncertain":0,"Ellipticals":0,"Disks":0},"loaded":true}